Epoch,Loss,Train F1,Val F1,Train Acc,Val Acc,Gap
1,5.998800690581159,0.4537939946055989,0.4951802248677249,0.5339176829268293,0.5780669144981413,-0.04414923157131201
2,4.925297583021769,0.915381286668465,0.9204595362023907,0.9153963414634146,0.921003717472119,-0.005607376008704312
3,4.124623042781178,0.9512194838565005,0.9291012814065995,0.9512195121951219,0.929368029739777,0.02185148245534496
4,3.886470335285838,0.9738876408330301,0.9152658391940927,0.9738948170731707,0.9154275092936803,0.058467307779490385
5,3.7242716085620042,0.9858948649655022,0.9171883255635775,0.9858993902439024,0.9172862453531598,0.06861314489074255
6,3.588997121264295,0.9891340320933564,0.9107362599377808,0.9891387195121951,0.9107806691449815,0.07835805036721366
7,3.480273576771341,0.99390064519447,0.9144316244783365,0.9939024390243902,0.9144981412639405,0.07940429776044977
